"id","english_name","persian_name","country_code","continent_code","wikipedia_link","created_at","updated_at"
1,"Andorra",,"AD","EU","http://en.wikipedia.org/wiki/Andorra","2017-11-01 15:09:40.244501","2017-11-01 15:09:40.244501"
4,"Antigua and Barbuda",,"AG","NA","http://en.wikipedia.org/wiki/Antigua_and_Barbuda","2017-11-01 15:09:40.304944","2017-11-01 15:09:40.304944"
5,"Anguilla",,"AI","NA","http://en.wikipedia.org/wiki/Anguilla","2017-11-01 15:09:40.309248","2017-11-01 15:09:40.309248"
6,"Albania",,"AL","EU","http://en.wikipedia.org/wiki/Albania","2017-11-01 15:09:40.313279","2017-11-01 15:09:40.313279"
9,"Antarctica",,"AQ","AN","http://en.wikipedia.org/wiki/Antarctica","2017-11-01 15:09:40.323742","2017-11-01 15:09:40.323742"
11,"American Samoa",,"AS","OC","http://en.wikipedia.org/wiki/American_Samoa","2017-11-01 15:09:40.330534","2017-11-01 15:09:40.330534"
14,"Aruba",,"AW","NA","http://en.wikipedia.org/wiki/Aruba","2017-11-01 15:09:40.342005","2017-11-01 15:09:40.342005"
17,"Barbados",,"BB","NA","http://en.wikipedia.org/wiki/Barbados","2017-11-01 15:09:40.35152","2017-11-01 15:09:40.35152"
20,"Burkina Faso",,"BF","AF","http://en.wikipedia.org/wiki/Burkina_Faso","2017-11-01 15:09:40.36412","2017-11-01 15:09:40.36412"
24,"Benin",,"BJ","AF","http://en.wikipedia.org/wiki/Benin","2017-11-01 15:09:40.382305","2017-11-01 15:09:40.382305"
25,"Saint Barthélemy",,"BL","NA","http://en.wikipedia.org/wiki/Saint_Barthélemy","2017-11-01 15:09:40.387859","2017-11-01 15:09:40.387859"
26,"Bermuda",,"BM","NA","http://en.wikipedia.org/wiki/Bermuda","2017-11-01 15:09:40.392267","2017-11-01 15:09:40.392267"
27,"Brunei",,"BN","AS","http://en.wikipedia.org/wiki/Brunei","2017-11-01 15:09:40.396696","2017-11-01 15:09:40.396696"
29,"Caribbean Netherlands",,"BQ","NA","http://en.wikipedia.org/wiki/Caribbean_Netherlands","2017-11-01 15:09:40.406621","2017-11-01 15:09:40.406621"
33,"Botswana",,"BW","AF","http://en.wikipedia.org/wiki/Botswana","2017-11-01 15:09:40.425906","2017-11-01 15:09:40.425906"
34,"Belarus",,"BY","EU","http://en.wikipedia.org/wiki/Belarus","2017-11-01 15:09:40.430072","2017-11-01 15:09:40.430072"
35,"Belize",,"BZ","NA","http://en.wikipedia.org/wiki/Belize","2017-11-01 15:09:40.435019","2017-11-01 15:09:40.435019"
37,"Cocos (Keeling) Islands",,"CC","AS","http://en.wikipedia.org/wiki/Cocos_(Keeling)_Islands","2017-11-01 15:09:40.444687","2017-11-01 15:09:40.444687"
39,"Central African Republic",,"CF","AF","http://en.wikipedia.org/wiki/Central_African_Republic","2017-11-01 15:09:40.45149","2017-11-01 15:09:40.45149"
40,"Congo (Brazzaville)",,"CG","AF","http://en.wikipedia.org/wiki/Congo_(Brazzaville)","2017-11-01 15:09:40.457209","2017-11-01 15:09:40.457209"
42,"Côte d'Ivoire",,"CI","AF","http://en.wikipedia.org/wiki/Côte_d'Ivoire","2017-11-01 15:09:40.464504","2017-11-01 15:09:40.464504"
43,"Cook Islands",,"CK","OC","http://en.wikipedia.org/wiki/Cook_Islands","2017-11-01 15:09:40.468056","2017-11-01 15:09:40.468056"
50,"Cape Verde",,"CV","AF","http://en.wikipedia.org/wiki/Cape_Verde","2017-11-01 15:09:40.494976","2017-11-01 15:09:40.494976"
51,"Curaçao",,"CW","NA","http://en.wikipedia.org/wiki/Cura%C3%A7ao","2017-11-01 15:09:40.498717","2017-11-01 15:09:40.498717"
52,"Christmas Island",,"CX","AS","http://en.wikipedia.org/wiki/Christmas_Island","2017-11-01 15:09:40.502292","2017-11-01 15:09:40.502292"
56,"Djibouti",,"DJ","AF","http://en.wikipedia.org/wiki/Djibouti","2017-11-01 15:09:40.522167","2017-11-01 15:09:40.522167"
58,"Dominica",,"DM","NA","http://en.wikipedia.org/wiki/Dominica","2017-11-01 15:09:40.530565","2017-11-01 15:09:40.530565"
59,"Dominican Republic",,"DO","NA","http://en.wikipedia.org/wiki/Dominican_Republic","2017-11-01 15:09:40.53538","2017-11-01 15:09:40.53538"
64,"Western Sahara",,"EH","AF","http://en.wikipedia.org/wiki/Western_Sahara","2017-11-01 15:09:40.558767","2017-11-01 15:09:40.558767"
65,"Eritrea",,"ER","AF","http://en.wikipedia.org/wiki/Eritrea","2017-11-01 15:09:40.562937","2017-11-01 15:09:40.562937"
70,"Falkland Islands",,"FK","SA","http://en.wikipedia.org/wiki/Falkland_Islands","2017-11-01 15:09:40.583398","2017-11-01 15:09:40.583398"
71,"Micronesia",,"FM","OC","https://en.wikipedia.org/wiki/Federated_States_of_Micronesia","2017-11-01 15:09:40.58815","2017-11-01 15:09:40.58815"
72,"Faroe Islands",,"FO","EU","http://en.wikipedia.org/wiki/Faroe_Islands","2017-11-01 15:09:40.591599","2017-11-01 15:09:40.591599"
3,"Afghanistan","افغانستان","AF","AS","http://en.wikipedia.org/wiki/Afghanistan","2017-11-01 15:09:40.300425","2017-11-01 15:09:40.300425"
7,"Armenia","ارمنستان","AM","AS","http://en.wikipedia.org/wiki/Armenia","2017-11-01 15:09:40.316544","2017-11-01 15:09:40.316544"
10,"Argentina","آرژانتین","AR","SA","http://en.wikipedia.org/wiki/Argentina","2017-11-01 15:09:40.32697","2017-11-01 15:09:40.32697"
12,"Austria","اتریش","AT","EU","http://en.wikipedia.org/wiki/Austria","2017-11-01 15:09:40.334351","2017-11-01 15:09:40.334351"
13,"Australia","استرالیا","AU","OC","http://en.wikipedia.org/wiki/Australia","2017-11-01 15:09:40.338558","2017-11-01 15:09:40.338558"
15,"Azerbaijan","آذربایجان","AZ","AS","http://en.wikipedia.org/wiki/Azerbaijan","2017-11-01 15:09:40.345136","2017-11-01 15:09:40.345136"
18,"Bangladesh","بنگلادش","BD","AS","http://en.wikipedia.org/wiki/Bangladesh","2017-11-01 15:09:40.357512","2017-11-01 15:09:40.357512"
19,"Belgium","بلژیک","BE","EU","http://en.wikipedia.org/wiki/Belgium","2017-11-01 15:09:40.360847","2017-11-01 15:09:40.360847"
21,"Bulgaria","بلغارستان","BG","EU","http://en.wikipedia.org/wiki/Bulgaria","2017-11-01 15:09:40.368335","2017-11-01 15:09:40.368335"
22,"Bahrain","بحرین","BH","AS","http://en.wikipedia.org/wiki/Bahrain","2017-11-01 15:09:40.373364","2017-11-01 15:09:40.373364"
23,"Burundi","بروندی","BI","AF","http://en.wikipedia.org/wiki/Burundi","2017-11-01 15:09:40.377845","2017-11-01 15:09:40.377845"
28,"Bolivia","بولیوی","BO","SA","http://en.wikipedia.org/wiki/Bolivia","2017-11-01 15:09:40.401628","2017-11-01 15:09:40.401628"
30,"Brazil","برزیل","BR","SA","http://en.wikipedia.org/wiki/Brazil","2017-11-01 15:09:40.410971","2017-11-01 15:09:40.410971"
31,"Bahamas","باهاماس","BS","NA","http://en.wikipedia.org/wiki/Bahamas","2017-11-01 15:09:40.415377","2017-11-01 15:09:40.415377"
36,"Canada","کانادا","CA","NA","http://en.wikipedia.org/wiki/Canada","2017-11-01 15:09:40.440275","2017-11-01 15:09:40.440275"
38,"Congo (Kinshasa)","کنگو","CD","AF","http://en.wikipedia.org/wiki/Congo_(Kinshasa)","2017-11-01 15:09:40.448004","2017-11-01 15:09:40.448004"
41,"Switzerland","سوییس","CH","EU","http://en.wikipedia.org/wiki/Switzerland","2017-11-01 15:09:40.460731","2017-11-01 15:09:40.460731"
44,"Chile","شیلی","CL","SA","http://en.wikipedia.org/wiki/Chile","2017-11-01 15:09:40.471904","2017-11-01 15:09:40.471904"
45,"Cameroon","کامرون","CM","AF","http://en.wikipedia.org/wiki/Cameroon","2017-11-01 15:09:40.475713","2017-11-01 15:09:40.475713"
46,"China","چین","CN","AS","http://en.wikipedia.org/wiki/China","2017-11-01 15:09:40.478948","2017-11-01 15:09:40.478948"
48,"Costa Rica","کوستاریکا","CR","NA","http://en.wikipedia.org/wiki/Costa_Rica","2017-11-01 15:09:40.488012","2017-11-01 15:09:40.488012"
49,"Cuba","کوبا","CU","NA","http://en.wikipedia.org/wiki/Cuba","2017-11-01 15:09:40.491567","2017-11-01 15:09:40.491567"
53,"Cyprus","قبرس","CY","AS","http://en.wikipedia.org/wiki/Cyprus","2017-11-01 15:09:40.508263","2017-11-01 15:09:40.508263"
54,"Czechia","جمهوری چک","CZ","EU","http://en.wikipedia.org/wiki/Czech_Republic","2017-11-01 15:09:40.512426","2017-11-01 15:09:40.512426"
55,"Germany","آلمان","DE","EU","http://en.wikipedia.org/wiki/Germany","2017-11-01 15:09:40.516936","2017-11-01 15:09:40.516936"
57,"Denmark","دانمارک","DK","EU","http://en.wikipedia.org/wiki/Denmark","2017-11-01 15:09:40.526299","2017-11-01 15:09:40.526299"
61,"Ecuador","اکوادور","EC","SA","http://en.wikipedia.org/wiki/Ecuador","2017-11-01 15:09:40.54517","2017-11-01 15:09:40.54517"
62,"Estonia","استونی","EE","EU","http://en.wikipedia.org/wiki/Estonia","2017-11-01 15:09:40.549744","2017-11-01 15:09:40.549744"
63,"Egypt","مصر","EG","AF","http://en.wikipedia.org/wiki/Egypt","2017-11-01 15:09:40.554619","2017-11-01 15:09:40.554619"
66,"Spain","اسپانیا","ES","EU","http://en.wikipedia.org/wiki/Spain","2017-11-01 15:09:40.567419","2017-11-01 15:09:40.567419"
67,"Ethiopia","اتیوپی","ET","AF","http://en.wikipedia.org/wiki/Ethiopia","2017-11-01 15:09:40.572045","2017-11-01 15:09:40.572045"
68,"Finland","فنلاند","FI","EU","http://en.wikipedia.org/wiki/Finland","2017-11-01 15:09:40.576919","2017-11-01 15:09:40.576919"
73,"France","فرانسه","FR","EU","http://en.wikipedia.org/wiki/France","2017-11-01 15:09:40.59514","2017-11-01 15:09:40.59514"
74,"Gabon","گابون","GA","AF","http://en.wikipedia.org/wiki/Gabon","2017-11-01 15:09:40.59866","2017-11-01 15:09:40.59866"
75,"United Kingdom","انگلستان","GB","EU","http://en.wikipedia.org/wiki/United_Kingdom","2017-11-01 15:09:40.601969","2017-11-01 15:09:40.601969"
76,"Grenada",,"GD","NA","http://en.wikipedia.org/wiki/Grenada","2017-11-01 15:09:40.605839","2017-11-01 15:09:40.605839"
78,"French Guiana",,"GF","SA","http://en.wikipedia.org/wiki/French_Guiana","2017-11-01 15:09:40.613245","2017-11-01 15:09:40.613245"
79,"Guernsey",,"GG","EU","http://en.wikipedia.org/wiki/Guernsey","2017-11-01 15:09:40.616514","2017-11-01 15:09:40.616514"
81,"Gibraltar",,"GI","EU","http://en.wikipedia.org/wiki/Gibraltar","2017-11-01 15:09:40.625351","2017-11-01 15:09:40.625351"
82,"Greenland",,"GL","NA","http://en.wikipedia.org/wiki/Greenland","2017-11-01 15:09:40.629099","2017-11-01 15:09:40.629099"
83,"Gambia",,"GM","AF","http://en.wikipedia.org/wiki/Gambia","2017-11-01 15:09:40.632799","2017-11-01 15:09:40.632799"
84,"Guinea",,"GN","AF","http://en.wikipedia.org/wiki/Guinea","2017-11-01 15:09:40.636999","2017-11-01 15:09:40.636999"
85,"Guadeloupe",,"GP","NA","http://en.wikipedia.org/wiki/Guadeloupe","2017-11-01 15:09:40.642467","2017-11-01 15:09:40.642467"
86,"Equatorial Guinea",,"GQ","AF","http://en.wikipedia.org/wiki/Equatorial_Guinea","2017-11-01 15:09:40.64674","2017-11-01 15:09:40.64674"
88,"South Georgia and the South Sandwich Islands",,"GS","AN","http://en.wikipedia.org/wiki/South_Georgia_and_the_South_Sandwich_Islands","2017-11-01 15:09:40.657846","2017-11-01 15:09:40.657846"
89,"Guatemala",,"GT","NA","http://en.wikipedia.org/wiki/Guatemala","2017-11-01 15:09:40.662202","2017-11-01 15:09:40.662202"
90,"Guam",,"GU","OC","http://en.wikipedia.org/wiki/Guam","2017-11-01 15:09:40.666642","2017-11-01 15:09:40.666642"
91,"Guinea-Bissau",,"GW","AF","http://en.wikipedia.org/wiki/Guinea-Bissau","2017-11-01 15:09:40.671483","2017-11-01 15:09:40.671483"
92,"Guyana",,"GY","SA","http://en.wikipedia.org/wiki/Guyana","2017-11-01 15:09:40.676564","2017-11-01 15:09:40.676564"
94,"Honduras",,"HN","NA","http://en.wikipedia.org/wiki/Honduras","2017-11-01 15:09:40.686941","2017-11-01 15:09:40.686941"
96,"Haiti",,"HT","NA","http://en.wikipedia.org/wiki/Haiti","2017-11-01 15:09:40.707894","2017-11-01 15:09:40.707894"
101,"Isle of Man",,"IM","EU","http://en.wikipedia.org/wiki/Isle_of_Man","2017-11-01 15:09:40.733491","2017-11-01 15:09:40.733491"
103,"British Indian Ocean Territory",,"IO","AS","http://en.wikipedia.org/wiki/British_Indian_Ocean_Territory","2017-11-01 15:09:40.740697","2017-11-01 15:09:40.740697"
108,"Jersey",,"JE","EU","http://en.wikipedia.org/wiki/Jersey","2017-11-01 15:09:40.777124","2017-11-01 15:09:40.777124"
113,"Kyrgyzstan",,"KG","AS","http://en.wikipedia.org/wiki/Kyrgyzstan","2017-11-01 15:09:40.797924","2017-11-01 15:09:40.797924"
115,"Kiribati",,"KI","OC","http://en.wikipedia.org/wiki/Kiribati","2017-11-01 15:09:40.804519","2017-11-01 15:09:40.804519"
116,"Comoros",,"KM","AF","http://en.wikipedia.org/wiki/Comoros","2017-11-01 15:09:40.808588","2017-11-01 15:09:40.808588"
117,"Saint Kitts and Nevis",,"KN","NA","http://en.wikipedia.org/wiki/Saint_Kitts_and_Nevis","2017-11-01 15:09:40.81274","2017-11-01 15:09:40.81274"
121,"Cayman Islands",,"KY","NA","http://en.wikipedia.org/wiki/Cayman_Islands","2017-11-01 15:09:40.833095","2017-11-01 15:09:40.833095"
125,"Saint Lucia",,"LC","NA","http://en.wikipedia.org/wiki/Saint_Lucia","2017-11-01 15:09:40.85108","2017-11-01 15:09:40.85108"
126,"Liechtenstein",,"LI","EU","http://en.wikipedia.org/wiki/Liechtenstein","2017-11-01 15:09:40.857627","2017-11-01 15:09:40.857627"
128,"Liberia",,"LR","AF","http://en.wikipedia.org/wiki/Liberia","2017-11-01 15:09:40.86655","2017-11-01 15:09:40.86655"
129,"Lesotho",,"LS","AF","http://en.wikipedia.org/wiki/Lesotho","2017-11-01 15:09:40.870995","2017-11-01 15:09:40.870995"
132,"Latvia",,"LV","EU","http://en.wikipedia.org/wiki/Latvia","2017-11-01 15:09:40.883728","2017-11-01 15:09:40.883728"
133,"Libya",,"LY","AF","http://en.wikipedia.org/wiki/Libya","2017-11-01 15:09:40.888807","2017-11-01 15:09:40.888807"
138,"Saint Martin",,"MF","NA","http://en.wikipedia.org/wiki/Saint_Martin_(France)","2017-11-01 15:09:40.906449","2017-11-01 15:09:40.906449"
140,"Marshall Islands",,"MH","OC","http://en.wikipedia.org/wiki/Marshall_Islands","2017-11-01 15:09:40.913584","2017-11-01 15:09:40.913584"
141,"Macedonia",,"MK","EU","http://en.wikipedia.org/wiki/Macedonia","2017-11-01 15:09:40.917771","2017-11-01 15:09:40.917771"
144,"Mongolia",,"MN","AS","http://en.wikipedia.org/wiki/Mongolia","2017-11-01 15:09:40.930391","2017-11-01 15:09:40.930391"
145,"Macau",,"MO","AS","http://en.wikipedia.org/wiki/Macau","2017-11-01 15:09:40.934231","2017-11-01 15:09:40.934231"
146,"Northern Mariana Islands",,"MP","OC","http://en.wikipedia.org/wiki/Northern_Mariana_Islands","2017-11-01 15:09:40.937422","2017-11-01 15:09:40.937422"
147,"Martinique",,"MQ","NA","http://en.wikipedia.org/wiki/Martinique","2017-11-01 15:09:40.9405","2017-11-01 15:09:40.9405"
148,"Mauritania",,"MR","AF","http://en.wikipedia.org/wiki/Mauritania","2017-11-01 15:09:40.944572","2017-11-01 15:09:40.944572"
149,"Montserrat",,"MS","NA","http://en.wikipedia.org/wiki/Montserrat","2017-11-01 15:09:40.949422","2017-11-01 15:09:40.949422"
150,"Malta",,"MT","EU","http://en.wikipedia.org/wiki/Malta","2017-11-01 15:09:40.954782","2017-11-01 15:09:40.954782"
151,"Mauritius",,"MU","AF","http://en.wikipedia.org/wiki/Mauritius","2017-11-01 15:09:40.958974","2017-11-01 15:09:40.958974"
80,"Ghana","غنا","GH","AF","http://en.wikipedia.org/wiki/Ghana","2017-11-01 15:09:40.621726","2017-11-01 15:09:40.621726"
99,"Ireland","ایرلند","IE","EU","http://en.wikipedia.org/wiki/Ireland","2017-11-01 15:09:40.726067","2017-11-01 15:09:40.726067"
98,"Indonesia","اندونزی","ID","AS","http://en.wikipedia.org/wiki/Indonesia","2017-11-01 15:09:40.721695","2017-11-01 15:09:40.721695"
95,"Croatia","کرواسی","HR","EU","http://en.wikipedia.org/wiki/Croatia","2017-11-01 15:09:40.699492","2017-11-01 15:09:40.699492"
97,"Hungary","مجارستان","HU","EU","http://en.wikipedia.org/wiki/Hungary","2017-11-01 15:09:40.714832","2017-11-01 15:09:40.714832"
87,"Greece","یونان","GR","EU","http://en.wikipedia.org/wiki/Greece","2017-11-01 15:09:40.651198","2017-11-01 15:09:40.651198"
102,"India","هندوستان","IN","AS","http://en.wikipedia.org/wiki/India","2017-11-01 15:09:40.737033","2017-11-01 15:09:40.737033"
104,"Iraq","عراق","IQ","AS","http://en.wikipedia.org/wiki/Iraq","2017-11-01 15:09:40.749452","2017-11-01 15:09:40.749452"
105,"Iran","ایران","IR","AS","http://en.wikipedia.org/wiki/Iran","2017-11-01 15:09:40.753478","2017-11-01 15:09:40.753478"
106,"Iceland","ایسلند","IS","EU","http://en.wikipedia.org/wiki/Iceland","2017-11-01 15:09:40.770308","2017-11-01 15:09:40.770308"
107,"Italy","ایتالیا","IT","EU","http://en.wikipedia.org/wiki/Italy","2017-11-01 15:09:40.773637","2017-11-01 15:09:40.773637"
109,"Jamaica","جاماییکا","JM","NA","http://en.wikipedia.org/wiki/Jamaica","2017-11-01 15:09:40.780988","2017-11-01 15:09:40.780988"
111,"Japan","ژاپن","JP","AS","http://en.wikipedia.org/wiki/Japan","2017-11-01 15:09:40.790731","2017-11-01 15:09:40.790731"
112,"Kenya","کنیا","KE","AF","http://en.wikipedia.org/wiki/Kenya","2017-11-01 15:09:40.794124","2017-11-01 15:09:40.794124"
114,"Cambodia","کمبوجیه","KH","AS","http://en.wikipedia.org/wiki/Cambodia","2017-11-01 15:09:40.801395","2017-11-01 15:09:40.801395"
118,"North Korea","کره شمالی","KP","AS","http://en.wikipedia.org/wiki/North_Korea","2017-11-01 15:09:40.817924","2017-11-01 15:09:40.817924"
119,"South Korea","کره جنوبی","KR","AS","http://en.wikipedia.org/wiki/South_Korea","2017-11-01 15:09:40.824412","2017-11-01 15:09:40.824412"
120,"Kuwait","کویت","KW","AS","http://en.wikipedia.org/wiki/Kuwait","2017-11-01 15:09:40.828667","2017-11-01 15:09:40.828667"
123,"Laos","لائوس","LA","AS","http://en.wikipedia.org/wiki/Laos","2017-11-01 15:09:40.84155","2017-11-01 15:09:40.84155"
124,"Lebanon","لبنان","LB","AS","http://en.wikipedia.org/wiki/Lebanon","2017-11-01 15:09:40.84586","2017-11-01 15:09:40.84586"
127,"Sri Lanka","سریلانکا","LK","AS","http://en.wikipedia.org/wiki/Sri_Lanka","2017-11-01 15:09:40.862168","2017-11-01 15:09:40.862168"
130,"Lithuania","لیتوانی","LT","EU","http://en.wikipedia.org/wiki/Lithuania","2017-11-01 15:09:40.875013","2017-11-01 15:09:40.875013"
134,"Morocco","مراکش","MA","AF","http://en.wikipedia.org/wiki/Morocco","2017-11-01 15:09:40.89241","2017-11-01 15:09:40.89241"
135,"Monaco","موناکو","MC","EU","http://en.wikipedia.org/wiki/Monaco","2017-11-01 15:09:40.895677","2017-11-01 15:09:40.895677"
136,"Moldova","مولداوی","MD","EU","http://en.wikipedia.org/wiki/Moldova","2017-11-01 15:09:40.899524","2017-11-01 15:09:40.899524"
137,"Montenegro","مونته نگرو","ME","EU","http://en.wikipedia.org/wiki/Montenegro","2017-11-01 15:09:40.903038","2017-11-01 15:09:40.903038"
139,"Madagascar","ماداگاسکار","MG","AF","http://en.wikipedia.org/wiki/Madagascar","2017-11-01 15:09:40.909627","2017-11-01 15:09:40.909627"
142,"Mali","مالی","ML","AF","http://en.wikipedia.org/wiki/Mali","2017-11-01 15:09:40.923191","2017-11-01 15:09:40.923191"
153,"Malawi",,"MW","AF","http://en.wikipedia.org/wiki/Malawi","2017-11-01 15:09:40.968204","2017-11-01 15:09:40.968204"
156,"Mozambique",,"MZ","AF","http://en.wikipedia.org/wiki/Mozambique","2017-11-01 15:09:40.98127","2017-11-01 15:09:40.98127"
158,"New Caledonia",,"NC","OC","http://en.wikipedia.org/wiki/New_Caledonia","2017-11-01 15:09:40.992227","2017-11-01 15:09:40.992227"
159,"Niger",,"NE","AF","http://en.wikipedia.org/wiki/Niger","2017-11-01 15:09:40.996383","2017-11-01 15:09:40.996383"
160,"Norfolk Island",,"NF","OC","http://en.wikipedia.org/wiki/Norfolk_Island","2017-11-01 15:09:41.000878","2017-11-01 15:09:41.000878"
162,"Nicaragua",,"NI","NA","http://en.wikipedia.org/wiki/Nicaragua","2017-11-01 15:09:41.009112","2017-11-01 15:09:41.009112"
163,"Netherlands",,"NL","EU","http://en.wikipedia.org/wiki/Netherlands","2017-11-01 15:09:41.013713","2017-11-01 15:09:41.013713"
166,"Nauru",,"NR","OC","http://en.wikipedia.org/wiki/Nauru","2017-11-01 15:09:41.026507","2017-11-01 15:09:41.026507"
167,"Niue",,"NU","OC","http://en.wikipedia.org/wiki/Niue","2017-11-01 15:09:41.02972","2017-11-01 15:09:41.02972"
172,"French Polynesia",,"PF","OC","http://en.wikipedia.org/wiki/French_Polynesia","2017-11-01 15:09:41.046708","2017-11-01 15:09:41.046708"
173,"Papua New Guinea",,"PG","OC","http://en.wikipedia.org/wiki/Papua_New_Guinea","2017-11-01 15:09:41.050884","2017-11-01 15:09:41.050884"
177,"Saint Pierre and Miquelon",,"PM","NA","http://en.wikipedia.org/wiki/Saint_Pierre_and_Miquelon","2017-11-01 15:09:41.067035","2017-11-01 15:09:41.067035"
178,"Pitcairn",,"PN","OC","http://en.wikipedia.org/wiki/Pitcairn","2017-11-01 15:09:41.070466","2017-11-01 15:09:41.070466"
179,"Puerto Rico",,"PR","NA","http://en.wikipedia.org/wiki/Puerto_Rico","2017-11-01 15:09:41.073572","2017-11-01 15:09:41.073572"
182,"Palau",,"PW","OC","http://en.wikipedia.org/wiki/Palau","2017-11-01 15:09:41.088476","2017-11-01 15:09:41.088476"
185,"Réunion",,"RE","AF","http://en.wikipedia.org/wiki/Réunion","2017-11-01 15:09:41.101244","2017-11-01 15:09:41.101244"
189,"Rwanda",,"RW","AF","http://en.wikipedia.org/wiki/Rwanda","2017-11-01 15:09:41.128766","2017-11-01 15:09:41.128766"
191,"Solomon Islands",,"SB","OC","http://en.wikipedia.org/wiki/Solomon_Islands","2017-11-01 15:09:41.148098","2017-11-01 15:09:41.148098"
192,"Seychelles",,"SC","AF","http://en.wikipedia.org/wiki/Seychelles","2017-11-01 15:09:41.155259","2017-11-01 15:09:41.155259"
196,"Saint Helena",,"SH","AF","http://en.wikipedia.org/wiki/Saint_Helena","2017-11-01 15:09:41.174583","2017-11-01 15:09:41.174583"
199,"Sierra Leone",,"SL","AF","http://en.wikipedia.org/wiki/Sierra_Leone","2017-11-01 15:09:41.189465","2017-11-01 15:09:41.189465"
200,"San Marino",,"SM","EU","http://en.wikipedia.org/wiki/San_Marino","2017-11-01 15:09:41.19371","2017-11-01 15:09:41.19371"
202,"Somalia",,"SO","AF","http://en.wikipedia.org/wiki/Somalia","2017-11-01 15:09:41.202488","2017-11-01 15:09:41.202488"
203,"Suriname",,"SR","SA","http://en.wikipedia.org/wiki/Suriname","2017-11-01 15:09:41.20637","2017-11-01 15:09:41.20637"
204,"South Sudan",,"SS","AF","http://en.wikipedia.org/wiki/South_Sudan","2017-11-01 15:09:41.210452","2017-11-01 15:09:41.210452"
205,"São Tomé and Principe",,"ST","AF","http://en.wikipedia.org/wiki/São_Tomé_and_Principe","2017-11-01 15:09:41.214459","2017-11-01 15:09:41.214459"
206,"El Salvador",,"SV","NA","http://en.wikipedia.org/wiki/El_Salvador","2017-11-01 15:09:41.21973","2017-11-01 15:09:41.21973"
207,"Sint Maarten",,"SX","NA","http://en.wikipedia.org/wiki/Sint_Maarten","2017-11-01 15:09:41.225477","2017-11-01 15:09:41.225477"
209,"Swaziland",,"SZ","AF","http://en.wikipedia.org/wiki/Swaziland","2017-11-01 15:09:41.240355","2017-11-01 15:09:41.240355"
210,"Turks and Caicos Islands",,"TC","NA","http://en.wikipedia.org/wiki/Turks_and_Caicos_Islands","2017-11-01 15:09:41.246658","2017-11-01 15:09:41.246658"
211,"Chad",,"TD","AF","http://en.wikipedia.org/wiki/Chad","2017-11-01 15:09:41.252974","2017-11-01 15:09:41.252974"
212,"French Southern Territories",,"TF","AN","http://en.wikipedia.org/wiki/French_Southern_Territories","2017-11-01 15:09:41.260398","2017-11-01 15:09:41.260398"
213,"Togo",,"TG","AF","http://en.wikipedia.org/wiki/Togo","2017-11-01 15:09:41.266005","2017-11-01 15:09:41.266005"
216,"Tokelau",,"TK","OC","http://en.wikipedia.org/wiki/Tokelau","2017-11-01 15:09:41.285913","2017-11-01 15:09:41.285913"
217,"Timor-Leste",,"TL","AS","http://en.wikipedia.org/wiki/Timor-Leste","2017-11-01 15:09:41.293917","2017-11-01 15:09:41.293917"
220,"Tonga",,"TO","OC","http://en.wikipedia.org/wiki/Tonga","2017-11-01 15:09:41.312891","2017-11-01 15:09:41.312891"
222,"Trinidad and Tobago",,"TT","NA","http://en.wikipedia.org/wiki/Trinidad_and_Tobago","2017-11-01 15:09:41.324656","2017-11-01 15:09:41.324656"
223,"Tuvalu",,"TV","OC","http://en.wikipedia.org/wiki/Tuvalu","2017-11-01 15:09:41.330424","2017-11-01 15:09:41.330424"
225,"Tanzania",,"TZ","AF","http://en.wikipedia.org/wiki/Tanzania","2017-11-01 15:09:41.346139","2017-11-01 15:09:41.346139"
154,"Mexico","مکزیک","MX","NA","http://en.wikipedia.org/wiki/Mexico","2017-11-01 15:09:40.972258","2017-11-01 15:09:40.972258"
155,"Malaysia","مالزی","MY","AS","http://en.wikipedia.org/wiki/Malaysia","2017-11-01 15:09:40.976398","2017-11-01 15:09:40.976398"
157,"Namibia","نامیبیا","NA","AF","http://en.wikipedia.org/wiki/Namibia","2017-11-01 15:09:40.987904","2017-11-01 15:09:40.987904"
161,"Nigeria","نیجریه","NG","AF","http://en.wikipedia.org/wiki/Nigeria","2017-11-01 15:09:41.00493","2017-11-01 15:09:41.00493"
164,"Norway","نروژ","NO","EU","http://en.wikipedia.org/wiki/Norway","2017-11-01 15:09:41.017579","2017-11-01 15:09:41.017579"
168,"New Zealand","نیوزیلند","NZ","OC","http://en.wikipedia.org/wiki/New_Zealand","2017-11-01 15:09:41.033363","2017-11-01 15:09:41.033363"
169,"Oman","عمان","OM","AS","http://en.wikipedia.org/wiki/Oman","2017-11-01 15:09:41.036707","2017-11-01 15:09:41.036707"
170,"Panama","پاناما","PA","NA","http://en.wikipedia.org/wiki/Panama","2017-11-01 15:09:41.03973","2017-11-01 15:09:41.03973"
174,"Philippines","فیلیپین","PH","AS","http://en.wikipedia.org/wiki/Philippines","2017-11-01 15:09:41.0566","2017-11-01 15:09:41.0566"
171,"Peru","پرو","PE","SA","http://en.wikipedia.org/wiki/Perú","2017-11-01 15:09:41.043075","2017-11-01 15:09:41.043075"
175,"Pakistan","پاکستان","PK","AS","http://en.wikipedia.org/wiki/Pakistan","2017-11-01 15:09:41.059901","2017-11-01 15:09:41.059901"
180,"Palestinian Territory","فلسطین","PS","AS","http://en.wikipedia.org/wiki/Palestinian_Territory","2017-11-01 15:09:41.077598","2017-11-01 15:09:41.077598"
181,"Portugal","پرتقال","PT","EU","http://en.wikipedia.org/wiki/Portugal","2017-11-01 15:09:41.082762","2017-11-01 15:09:41.082762"
183,"Paraguay","پاراگوئه","PY","SA","http://en.wikipedia.org/wiki/Paraguay","2017-11-01 15:09:41.092515","2017-11-01 15:09:41.092515"
184,"Qatar","قطر","QA","AS","http://en.wikipedia.org/wiki/Qatar","2017-11-01 15:09:41.096577","2017-11-01 15:09:41.096577"
186,"Romania","رومانی","RO","EU","http://en.wikipedia.org/wiki/Romania","2017-11-01 15:09:41.105379","2017-11-01 15:09:41.105379"
187,"Serbia","صربستان","RS","EU","http://en.wikipedia.org/wiki/Serbia","2017-11-01 15:09:41.109603","2017-11-01 15:09:41.109603"
190,"Saudi Arabia","عربستان سعودی","SA","AS","http://en.wikipedia.org/wiki/Saudi_Arabia","2017-11-01 15:09:41.142186","2017-11-01 15:09:41.142186"
193,"Sudan","سودان","SD","AF","http://en.wikipedia.org/wiki/Sudan","2017-11-01 15:09:41.160203","2017-11-01 15:09:41.160203"
194,"Sweden","سوئد","SE","EU","http://en.wikipedia.org/wiki/Sweden","2017-11-01 15:09:41.165557","2017-11-01 15:09:41.165557"
195,"Singapore","سنگاپور","SG","AS","http://en.wikipedia.org/wiki/Singapore","2017-11-01 15:09:41.17049","2017-11-01 15:09:41.17049"
197,"Slovenia","اسلونی","SI","EU","http://en.wikipedia.org/wiki/Slovenia","2017-11-01 15:09:41.17884","2017-11-01 15:09:41.17884"
198,"Slovakia","اسلواکی","SK","EU","http://en.wikipedia.org/wiki/Slovakia","2017-11-01 15:09:41.183458","2017-11-01 15:09:41.183458"
208,"Syria","سوریه","SY","AS","http://en.wikipedia.org/wiki/Syria","2017-11-01 15:09:41.231194","2017-11-01 15:09:41.231194"
214,"Thailand","تایلند","TH","AS","http://en.wikipedia.org/wiki/Thailand","2017-11-01 15:09:41.272931","2017-11-01 15:09:41.272931"
226,"Ukraine","اوکراین","UA","EU","http://en.wikipedia.org/wiki/Ukraine","2017-11-01 15:09:41.356811","2017-11-01 15:09:41.356811"
224,"Taiwan","تایوان","TW","AS","http://en.wikipedia.org/wiki/Taiwan","2017-11-01 15:09:41.33901","2017-11-01 15:09:41.33901"
221,"Turkey","ترکیه","TR","AS","http://en.wikipedia.org/wiki/Turkey","2017-11-01 15:09:41.319234","2017-11-01 15:09:41.319234"
219,"Tunisia","تونس","TN","AF","http://en.wikipedia.org/wiki/Tunisia","2017-11-01 15:09:41.307039","2017-11-01 15:09:41.307039"
215,"Tajikistan","تاجیکستان","TJ","AS","http://en.wikipedia.org/wiki/Tajikistan","2017-11-01 15:09:41.278476","2017-11-01 15:09:41.278476"
227,"Uganda",,"UG","AF","http://en.wikipedia.org/wiki/Uganda","2017-11-01 15:09:41.366352","2017-11-01 15:09:41.366352"
228,"United States Minor Outlying Islands",,"UM","OC","http://en.wikipedia.org/wiki/United_States_Minor_Outlying_Islands","2017-11-01 15:09:41.37372","2017-11-01 15:09:41.37372"
233,"Saint Vincent and the Grenadines",,"VC","NA","http://en.wikipedia.org/wiki/Saint_Vincent_and_the_Grenadines","2017-11-01 15:09:41.398791","2017-11-01 15:09:41.398791"
235,"British Virgin Islands",,"VG","NA","http://en.wikipedia.org/wiki/British_Virgin_Islands","2017-11-01 15:09:41.406703","2017-11-01 15:09:41.406703"
236,"U.S. Virgin Islands",,"VI","NA","http://en.wikipedia.org/wiki/U.S._Virgin_Islands","2017-11-01 15:09:41.410174","2017-11-01 15:09:41.410174"
238,"Vanuatu",,"VU","OC","http://en.wikipedia.org/wiki/Vanuatu","2017-11-01 15:09:41.424101","2017-11-01 15:09:41.424101"
239,"Wallis and Futuna",,"WF","OC","http://en.wikipedia.org/wiki/Wallis_and_Futuna","2017-11-01 15:09:41.42876","2017-11-01 15:09:41.42876"
240,"Samoa",,"WS","OC","http://en.wikipedia.org/wiki/Samoa","2017-11-01 15:09:41.432916","2017-11-01 15:09:41.432916"
243,"Mayotte",,"YT","AF","http://en.wikipedia.org/wiki/Mayotte","2017-11-01 15:09:41.445858","2017-11-01 15:09:41.445858"
245,"Zambia",,"ZM","AF","http://en.wikipedia.org/wiki/Zambia","2017-11-01 15:09:41.457293","2017-11-01 15:09:41.457293"
247,"Unknown or unassigned country",,"ZZ","AF","http://en.wikipedia.org/wiki/Unknown_or_unassigned_country","2017-11-01 15:09:41.474607","2017-11-01 15:09:41.474607"
2,"United Arab Emirates","امارات","AE","AS","http://en.wikipedia.org/wiki/United_Arab_Emirates","2017-11-01 15:09:40.296074","2017-11-01 15:09:40.296074"
8,"Angola","آنگولا","AO","AF","http://en.wikipedia.org/wiki/Angola","2017-11-01 15:09:40.320146","2017-11-01 15:09:40.320146"
16,"Bosnia and Herzegovina","بوسنی و هرزگوین","BA","EU","http://en.wikipedia.org/wiki/Bosnia_and_Herzegovina","2017-11-01 15:09:40.3481","2017-11-01 15:09:40.3481"
32,"Bhutan","بوتان","BT","AS","http://en.wikipedia.org/wiki/Bhutan","2017-11-01 15:09:40.421561","2017-11-01 15:09:40.421561"
47,"Colombia","کلمبیا","CO","SA","http://en.wikipedia.org/wiki/Colombia","2017-11-01 15:09:40.482286","2017-11-01 15:09:40.482286"
60,"Algeria","الجزایر","DZ","AF","http://en.wikipedia.org/wiki/Algeria","2017-11-01 15:09:40.540563","2017-11-01 15:09:40.540563"
69,"Fiji","فیجی","FJ","OC","http://en.wikipedia.org/wiki/Fiji","2017-11-01 15:09:40.580069","2017-11-01 15:09:40.580069"
77,"Georgia","گرجستان","GE","AS","http://en.wikipedia.org/wiki/Georgia_(country)","2017-11-01 15:09:40.609878","2017-11-01 15:09:40.609878"
100,"Israel","اسراییل","IL","AS","http://en.wikipedia.org/wiki/Israel","2017-11-01 15:09:40.729524","2017-11-01 15:09:40.729524"
93,"Hong Kong","هنگ کنگ","HK","AS","http://en.wikipedia.org/wiki/Hong_Kong","2017-11-01 15:09:40.680561","2017-11-01 15:09:40.680561"
110,"Jordan","اردن","JO","AS","http://en.wikipedia.org/wiki/Jordan","2017-11-01 15:09:40.785114","2017-11-01 15:09:40.785114"
122,"Kazakhstan","قزاقستان","KZ","AS","http://en.wikipedia.org/wiki/Kazakhstan","2017-11-01 15:09:40.837265","2017-11-01 15:09:40.837265"
131,"Luxembourg","لوگزامبورگ","LU","EU","http://en.wikipedia.org/wiki/Luxembourg","2017-11-01 15:09:40.879272","2017-11-01 15:09:40.879272"
143,"Burma","برمه","MM","AS","http://en.wikipedia.org/wiki/Burma","2017-11-01 15:09:40.92673","2017-11-01 15:09:40.92673"
152,"Maldives","مالدیو","MV","AS","http://en.wikipedia.org/wiki/Maldives","2017-11-01 15:09:40.963415","2017-11-01 15:09:40.963415"
165,"Nepal","نپال","NP","AS","http://en.wikipedia.org/wiki/Nepal","2017-11-01 15:09:41.023249","2017-11-01 15:09:41.023249"
176,"Poland","لهستان","PL","EU","http://en.wikipedia.org/wiki/Poland","2017-11-01 15:09:41.063133","2017-11-01 15:09:41.063133"
188,"Russia","روسیه","RU","EU","http://en.wikipedia.org/wiki/Russia","2017-11-01 15:09:41.11681","2017-11-01 15:09:41.11681"
201,"Senegal","سنگال","SN","AF","http://en.wikipedia.org/wiki/Senegal","2017-11-01 15:09:41.198168","2017-11-01 15:09:41.198168"
246,"Zimbabwe","زیمباوه","ZW","AF","http://en.wikipedia.org/wiki/Zimbabwe","2017-11-01 15:09:41.466849","2017-11-01 15:09:41.466849"
244,"South Africa","آفریقای جنوبی","ZA","AF","http://en.wikipedia.org/wiki/South_Africa","2017-11-01 15:09:41.450236","2017-11-01 15:09:41.450236"
242,"Yemen","یمن","YE","AS","http://en.wikipedia.org/wiki/Yemen","2017-11-01 15:09:41.441416","2017-11-01 15:09:41.441416"
241,"Kosovo","کوزوو","XK","EU","http://en.wikipedia.org/wiki/Kosovo","2017-11-01 15:09:41.437485","2017-11-01 15:09:41.437485"
237,"Vietnam","ویتنام","VN","AS","http://en.wikipedia.org/wiki/Vietnam","2017-11-01 15:09:41.415764","2017-11-01 15:09:41.415764"
234,"Venezuela","ونزوئلا","VE","SA","http://en.wikipedia.org/wiki/Venezuela","2017-11-01 15:09:41.403105","2017-11-01 15:09:41.403105"
232,"Vatican City","واتیکان","VA","EU","http://en.wikipedia.org/wiki/Vatican_City","2017-11-01 15:09:41.395094","2017-11-01 15:09:41.395094"
231,"Uzbekistan","ازبکستان","UZ","AS","http://en.wikipedia.org/wiki/Uzbekistan","2017-11-01 15:09:41.391264","2017-11-01 15:09:41.391264"
230,"Uruguay","اروگوئه","UY","SA","http://en.wikipedia.org/wiki/Uruguay","2017-11-01 15:09:41.385408","2017-11-01 15:09:41.385408"
229,"United States","آمریکا","US","NA","http://en.wikipedia.org/wiki/United_States","2017-11-01 15:09:41.379924","2017-11-01 15:09:41.379924"
218,"Turkmenistan","ترکمنستان","TM","AS","http://en.wikipedia.org/wiki/Turkmenistan","2017-11-01 15:09:41.29994","2017-11-01 15:09:41.29994"
